{
  "feature_order": [
    "is_upgrade",
    "is_param_change",
    "is_treasury_spend",
    "is_slashing_change",
    "is_poc_rule_change",
    "is_poseq_rule_change",
    "treasury_spend_bps",
    "modules_touched_count",
    "touches_consensus_critical",
    "reduces_slashing",
    "changes_validator_rules"
  ],
  "schema_hash": "ac76dce03713204c4729dfbe21cb16de3fc585c8fd1929436a332e2ab58596bf",
  "seed": 42,
  "n_rows": 30000,
  "models": {
    "med": {
      "coef": [
        0.8167711873344059,
        3.5294400895785354,
        -10.111019047666082,
        1.9721233205193172,
        3.135887922799705,
        3.1016699635208393,
        3.812769860757334,
        0.17090699718429775,
        1.7860352028255904,
        1.1583223958503432,
        1.3656979163488738
      ],
      "intercept": 2.778139982020103,
      "metrics": {
        "train_accuracy": 0.999792,
        "test_accuracy": 0.999833,
        "confusion_matrix": [
          [
            1,
            0
          ],
          [
            1,
            5998
          ]
        ],
        "false_negative_rate": 0.000167
      }
    },
    "high": {
      "coef": [
        5.453407371907984,
        -3.298118338741155,
        -7.280093637461512,
        -1.9012383733105087,
        -3.615612060939454,
        8.427373539007895,
        0.01800634540372849,
        0.07779015846028214,
        10.84775763826475,
        9.598943147064153,
        10.535824534509125
      ],
      "intercept": -2.8859010740401323,
      "metrics": {
        "train_accuracy": 0.998208,
        "test_accuracy": 0.998833,
        "confusion_matrix": [
          [
            2455,
            0
          ],
          [
            7,
            3538
          ]
        ],
        "false_negative_rate": 0.001975
      }
    },
    "crit": {
      "coef": [
        8.852727885382816,
        -1.2891591159319578,
        -6.389000089163449,
        -1.0449391700397541,
        -2.2289353955600117,
        -2.2817680039424397,
        0.004856865028278196,
        0.12701144687072957,
        13.621776930999891,
        -0.0805465058666299,
        0.3571242165617979
      ],
      "intercept": -5.912555400900431,
      "metrics": {
        "train_accuracy": 0.99875,
        "test_accuracy": 0.999333,
        "confusion_matrix": [
          [
            4264,
            4
          ],
          [
            0,
            1732
          ]
        ],
        "false_negative_rate": 0.0
      }
    }
  }
}
